{"cameraMode":{"drawMode":0,"name":"Shaded","section":"Shading Mode"},"sceneLighting":false,"audioPlay":false,"sceneViewState":{"showFog":true,"showMaterialUpdate":false,"showSkybox":true,"showFlares":true,"showImageEffects":true,"showParticleSystems":true},"in2DMode":false,"pivot":{"x":12.187492370605469,"y":-25.370986938476564,"z":90.52506256103516},"rotation":{"x":-0.27042728662490847,"y":0.07988710701465607,"z":-0.022523662075400354,"w":-0.9591556191444397},"size":127.0569076538086,"orthographic":false}