{"cameraMode":{"drawMode":0,"name":"Shaded","section":"Shading Mode"},"sceneLighting":false,"audioPlay":false,"sceneViewState":{"showFog":true,"showMaterialUpdate":false,"showSkybox":true,"showFlares":true,"showImageEffects":true,"showParticleSystems":true},"in2DMode":false,"pivot":{"x":315.16119384765627,"y":-191.819091796875,"z":1317.2978515625},"rotation":{"x":-0.27042728662490847,"y":0.07988710701465607,"z":-0.022523662075400354,"w":-0.9591556191444397},"size":3342.51220703125,"orthographic":false}